Model,Accuracy,Macro F1,Weighted F1
KNN (k=1),0.648,0.6394891871306909,0.6361701286456065
Random Forest (n=300),0.844,0.8390059444682987,0.8381696480939194
Gradient Boosting,0.8126666666666666,0.8033803835960793,0.8021174830877139
XGBoost,0.944,0.9428198136680669,0.9424368515874321
